dia_semana=terça-feira;br=101.0;km=121.3;municipio=SOORETAMA;causa_acidente=Condutor Dormindo;tipo_acidente=Colisão lateral;classificacao_acidente=Com Vítimas Feridas;fase_dia=Pleno dia;sentido_via=Crescente;condicao_metereologica=Céu Claro;tipo_pista=Simples;tracado_via=Reta;uso_solo=0;pessoas=2;mortos=0;feridos_leves=0;feridos_graves=1;ilesos=1;ignorados=0;feridos=1;veiculos=2
dia_semana=sexta-feira;br=101.0;km=258.1;municipio=SERRA;causa_acidente=Falta de Atenção à Condução;tipo_acidente=Colisão traseira;classificacao_acidente=Com Vítimas Feridas;fase_dia=Anoitecer;sentido_via=Crescente;condicao_metereologica=Nublado;tipo_pista=Dupla;tracado_via=Não Informado;uso_solo=1;pessoas=2;mortos=0;feridos_leves=1;feridos_graves=0;ilesos=1;ignorados=0;feridos=1;veiculos=2
dia_semana=sexta-feira;br=101.0;km=408;municipio=ITAPEMIRIM;causa_acidente=Ultrapassagem Indevida;tipo_acidente=Colisão lateral;classificacao_acidente=Com Vítimas Feridas;fase_dia=Plena Noite;sentido_via=Decrescente;condicao_metereologica=Céu Claro;tipo_pista=Simples;tracado_via=Reta;uso_solo=0;pessoas=3;mortos=0;feridos_leves=2;feridos_graves=0;ilesos=1;ignorados=0;feridos=2;veiculos=1
dia_semana=sábado;br=101.0;km=1;municipio=SERRA;causa_acidente=Falta de Atenção à Condução;tipo_acidente=Queda de ocupante de veículo;classificacao_acidente=Com Vítimas Feridas;fase_dia=Plena Noite;sentido_via=Decrescente;condicao_metereologica=Nublado;tipo_pista=Dupla;tracado_via=Reta;uso_solo=1;pessoas=1;mortos=0;feridos_leves=1;feridos_graves=0;ilesos=0;ignorados=0;feridos=1;veiculos=1
dia_semana=sábado;br=259.0;km=57.8;municipio=COLATINA;causa_acidente=Ingestão de Álcool;tipo_acidente=Colisão com objeto estático;classificacao_acidente=Com Vítimas Feridas;fase_dia=Plena Noite;sentido_via=Decrescente;condicao_metereologica=Céu Claro;tipo_pista=Simples;tracado_via=Reta;uso_solo=1;pessoas=1;mortos=0;feridos_leves=0;feridos_graves=1;ilesos=0;ignorados=0;feridos=1;veiculos=1
dia_semana=sábado;br=101.0;km=221;municipio=IBIRACU;causa_acidente=Falta de Atenção à Condução;tipo_acidente=Colisão traseira;classificacao_acidente=Com Vítimas Feridas;fase_dia=Plena Noite;sentido_via=Crescente;condicao_metereologica=Nublado;tipo_pista=Simples;tracado_via=Reta;uso_solo=0;pessoas=2;mortos=0;feridos_leves=1;feridos_graves=0;ilesos=1;ignorados=0;feridos=1;veiculos=2
dia_semana=sábado;br=101.0;km=266;municipio=SERRA;causa_acidente=Ingestão de Álcool;tipo_acidente=Colisão traseira;classificacao_acidente=Sem Vítimas;fase_dia=Plena Noite;sentido_via=Crescente;condicao_metereologica=Céu Claro;tipo_pista=Dupla;tracado_via=Reta;uso_solo=1;pessoas=3;mortos=0;feridos_leves=0;feridos_graves=0;ilesos=3;ignorados=0;feridos=0;veiculos=3
dia_semana=sábado;br=101.0;km=116.7;municipio=SOORETAMA;causa_acidente=Restrição de Visibilidade;tipo_acidente=Saída de leito carroçável;classificacao_acidente=Com Vítimas Feridas;fase_dia=Plena Noite;sentido_via=Decrescente;condicao_metereologica=Nublado;tipo_pista=Simples;tracado_via=Interseção de vias;uso_solo=0;pessoas=3;mortos=0;feridos_leves=3;feridos_graves=0;ilesos=0;ignorados=0;feridos=3;veiculos=1
dia_semana=sábado;br=101.0;km=300;municipio=VIANA;causa_acidente=Ingestão de Álcool;tipo_acidente=Tombamento;classificacao_acidente=Com Vítimas Feridas;fase_dia=Plena Noite;sentido_via=Decrescente;condicao_metereologica=Céu Claro;tipo_pista=Dupla;tracado_via=Reta;uso_solo=1;pessoas=1;mortos=0;feridos_leves=1;feridos_graves=0;ilesos=0;ignorados=0;feridos=1;veiculos=1
dia_semana=sábado;br=101.0;km=148.7;municipio=LINHARES;causa_acidente=Desobediência às normas de trânsito pelo pedestre;tipo_acidente=Colisão traseira;classificacao_acidente=Com Vítimas Feridas;fase_dia=Plena Noite;sentido_via=Crescente;condicao_metereologica=Céu Claro;tipo_pista=Múltipla;tracado_via=Reta;uso_solo=1;pessoas=3;mortos=0;feridos_leves=1;feridos_graves=0;ilesos=2;ignorados=0;feridos=1;veiculos=2
dia_semana=sábado;br=101.0;km=298;municipio=VIANA;causa_acidente=Falta de Atenção à Condução;tipo_acidente=Colisão traseira;classificacao_acidente=Sem Vítimas;fase_dia=Plena Noite;sentido_via=Decrescente;condicao_metereologica=Céu Claro;tipo_pista=Múltipla;tracado_via=Não Informado;uso_solo=1;pessoas=6;mortos=0;feridos_leves=0;feridos_graves=0;ilesos=5;ignorados=1;feridos=0;veiculos=2
dia_semana=domingo;br=101.0;km=269.5;municipio=SERRA;causa_acidente=Desobediência às normas de trânsito pelo condutor;tipo_acidente=Colisão transversal;classificacao_acidente=Com Vítimas Feridas;fase_dia=Plena Noite;sentido_via=Decrescente;condicao_metereologica=Nublado;tipo_pista=Múltipla;tracado_via=Interseção de vias;uso_solo=1;pessoas=5;mortos=0;feridos_leves=2;feridos_graves=2;ilesos=1;ignorados=0;feridos=4;veiculos=2
dia_semana=domingo;br=101.0;km=26;municipio=CONCEICAO DA BARRA;causa_acidente=Falta de Atenção à Condução;tipo_acidente=Colisão lateral;classificacao_acidente=Com Vítimas Feridas;fase_dia=Plena Noite;sentido_via=Decrescente;condicao_metereologica=Nublado;tipo_pista=Simples;tracado_via=Reta;uso_solo=0;pessoas=3;mortos=0;feridos_leves=0;feridos_graves=2;ilesos=0;ignorados=1;feridos=2;veiculos=2
dia_semana=domingo;br=447.0;km=12.4;municipio=VILA VELHA;causa_acidente=Ingestão de Álcool;tipo_acidente=Colisão lateral;classificacao_acidente=Com Vítimas Feridas;fase_dia=Plena Noite;sentido_via=Decrescente;condicao_metereologica=Céu Claro;tipo_pista=Dupla;tracado_via=Reta;uso_solo=1;pessoas=5;mortos=0;feridos_leves=0;feridos_graves=1;ilesos=2;ignorados=2;feridos=1;veiculos=3
dia_semana=domingo;br=101.0;km=305.3;municipio=VIANA;causa_acidente=Ingestão de Álcool;tipo_acidente=Colisão lateral;classificacao_acidente=Sem Vítimas;fase_dia=Pleno dia;sentido_via=Decrescente;condicao_metereologica=Sol;tipo_pista=Simples;tracado_via=Curva;uso_solo=0;pessoas=3;mortos=0;feridos_leves=0;feridos_graves=0;ilesos=2;ignorados=1;feridos=0;veiculos=2
dia_semana=domingo;br=259.0;km=75;municipio=COLATINA;causa_acidente=Falta de Atenção à Condução;tipo_acidente=Tombamento;classificacao_acidente=Com Vítimas Feridas;fase_dia=Pleno dia;sentido_via=Crescente;condicao_metereologica=Céu Claro;tipo_pista=Dupla;tracado_via=Reta;uso_solo=0;pessoas=2;mortos=0;feridos_leves=0;feridos_graves=2;ilesos=0;ignorados=0;feridos=2;veiculos=1
dia_semana=domingo;br=262.0;km=119.1;municipio=CONCEICAO DO CASTELO;causa_acidente=Avarias e/ou desgaste excessivo no pneu;tipo_acidente=Capotamento;classificacao_acidente=Com Vítimas Fatais;fase_dia=Pleno dia;sentido_via=Decrescente;condicao_metereologica=Céu Claro;tipo_pista=Simples;tracado_via=Curva;uso_solo=0;pessoas=4;mortos=2;feridos_leves=2;feridos_graves=0;ilesos=0;ignorados=0;feridos=2;veiculos=1
dia_semana=domingo;br=101.0;km=63.1;municipio=SAO MATEUS;causa_acidente=Falta de Atenção à Condução;tipo_acidente=Colisão lateral;classificacao_acidente=Com Vítimas Feridas;fase_dia=Pleno dia;sentido_via=Crescente;condicao_metereologica=Céu Claro;tipo_pista=Simples;tracado_via=Curva;uso_solo=0;pessoas=2;mortos=0;feridos_leves=0;feridos_graves=1;ilesos=1;ignorados=0;feridos=1;veiculos=2
dia_semana=domingo;br=262.0;km=98.9;municipio=VENDA NOVA DO IMIGRANTE;causa_acidente=Falta de Atenção à Condução;tipo_acidente=Colisão traseira;classificacao_acidente=Com Vítimas Feridas;fase_dia=Pleno dia;sentido_via=Crescente;condicao_metereologica=Céu Claro;tipo_pista=Simples;tracado_via=Reta;uso_solo=0;pessoas=2;mortos=0;feridos_leves=1;feridos_graves=0;ilesos=1;ignorados=0;feridos=1;veiculos=2
dia_semana=domingo;br=262.0;km=107.2;municipio=VENDA NOVA DO IMIGRANTE;causa_acidente=Ingestão de Álcool;tipo_acidente=Tombamento;classificacao_acidente=Com Vítimas Feridas;fase_dia=Pleno dia;sentido_via=Crescente;condicao_metereologica=Céu Claro;tipo_pista=Simples;tracado_via=Reta;uso_solo=1;pessoas=1;mortos=0;feridos_leves=1;feridos_graves=0;ilesos=0;ignorados=0;feridos=1;veiculos=1
dia_semana=domingo;br=262.0;km=4.5;municipio=CARIACICA;causa_acidente=Falta de Atenção do Pedestre;tipo_acidente=Atropelamento de Pedestre;classificacao_acidente=Com Vítimas Feridas;fase_dia=Anoitecer;sentido_via=Decrescente;condicao_metereologica=Céu Claro;tipo_pista=Múltipla;tracado_via=Curva;uso_solo=1;pessoas=2;mortos=0;feridos_leves=2;feridos_graves=0;ilesos=0;ignorados=0;feridos=2;veiculos=1
dia_semana=domingo;br=101.0;km=336.5;municipio=GUARAPARI;causa_acidente=Falta de Atenção do Pedestre;tipo_acidente=Atropelamento de Pedestre;classificacao_acidente=Com Vítimas Fatais;fase_dia=Plena Noite;sentido_via=Crescente;condicao_metereologica=Céu Claro;tipo_pista=Simples;tracado_via=Reta;uso_solo=0;pessoas=2;mortos=1;feridos_leves=0;feridos_graves=0;ilesos=0;ignorados=1;feridos=0;veiculos=1
dia_semana=domingo;br=101.0;km=265.5;municipio=SERRA;causa_acidente=Falta de Atenção à Condução;tipo_acidente=Colisão traseira;classificacao_acidente=Com Vítimas Feridas;fase_dia=Plena Noite;sentido_via=Crescente;condicao_metereologica=Nublado;tipo_pista=Dupla;tracado_via=Reta;uso_solo=1;pessoas=3;mortos=0;feridos_leves=1;feridos_graves=0;ilesos=2;ignorados=0;feridos=1;veiculos=2
dia_semana=domingo;br=101.0;km=200.5;municipio=JOAO NEIVA;causa_acidente=Não guardar distância de segurança;tipo_acidente=Colisão traseira;classificacao_acidente=Com Vítimas Feridas;fase_dia=Plena Noite;sentido_via=Decrescente;condicao_metereologica=Céu Claro;tipo_pista=Simples;tracado_via=Reta;uso_solo=1;pessoas=2;mortos=0;feridos_leves=0;feridos_graves=1;ilesos=1;ignorados=0;feridos=1;veiculos=2
dia_semana=segunda-feira;br=101.0;km=148;municipio=LINHARES;causa_acidente=Defeito na Via;tipo_acidente=Tombamento;classificacao_acidente=Com Vítimas Feridas;fase_dia=Pleno dia;sentido_via=Decrescente;condicao_metereologica=Sol;tipo_pista=Múltipla;tracado_via=Reta;uso_solo=1;pessoas=1;mortos=0;feridos_leves=1;feridos_graves=0;ilesos=0;ignorados=0;feridos=1;veiculos=1
dia_semana=segunda-feira;br=259.0;km=34.7;municipio=COLATINA;causa_acidente=Defeito Mecânico no Veículo;tipo_acidente=Tombamento;classificacao_acidente=Com Vítimas Feridas;fase_dia=Plena Noite;sentido_via=Decrescente;condicao_metereologica=Nublado;tipo_pista=Simples;tracado_via=Curva;uso_solo=0;pessoas=1;mortos=0;feridos_leves=1;feridos_graves=0;ilesos=0;ignorados=0;feridos=1;veiculos=1
dia_semana=segunda-feira;br=259.0;km=72.1;municipio=COLATINA;causa_acidente=Animais na Pista;tipo_acidente=Capotamento;classificacao_acidente=Com Vítimas Feridas;fase_dia=Pleno dia;sentido_via=Decrescente;condicao_metereologica=Céu Claro;tipo_pista=Simples;tracado_via=Reta;uso_solo=0;pessoas=1;mortos=0;feridos_leves=0;feridos_graves=1;ilesos=0;ignorados=0;feridos=1;veiculos=1
dia_semana=segunda-feira;br=101.0;km=254.9;municipio=SERRA;causa_acidente=Falta de Atenção à Condução;tipo_acidente=Colisão traseira;classificacao_acidente=Com Vítimas Feridas;fase_dia=Pleno dia;sentido_via=Decrescente;condicao_metereologica=Céu Claro;tipo_pista=Simples;tracado_via=Reta;uso_solo=1;pessoas=2;mortos=0;feridos_leves=1;feridos_graves=0;ilesos=1;ignorados=0;feridos=1;veiculos=2
dia_semana=segunda-feira;br=101.0;km=289.9;municipio=CARIACICA;causa_acidente=Falta de Atenção à Condução;tipo_acidente=Colisão lateral;classificacao_acidente=Com Vítimas Feridas;fase_dia=Pleno dia;sentido_via=Crescente;condicao_metereologica=Nublado;tipo_pista=Dupla;tracado_via=Reta;uso_solo=1;pessoas=2;mortos=0;feridos_leves=0;feridos_graves=1;ilesos=1;ignorados=0;feridos=1;veiculos=2
dia_semana=segunda-feira;br=101.0;km=267.8;municipio=SERRA;causa_acidente=Desobediência às normas de trânsito pelo condutor;tipo_acidente=Colisão transversal;classificacao_acidente=Com Vítimas Feridas;fase_dia=Pleno dia;sentido_via=Crescente;condicao_metereologica=Sol;tipo_pista=Múltipla;tracado_via=Interseção de vias;uso_solo=1;pessoas=4;mortos=0;feridos_leves=4;feridos_graves=0;ilesos=0;ignorados=0;feridos=4;veiculos=4
dia_semana=domingo;br=262.0;km=0.5;municipio=CARIACICA;causa_acidente=Desobediência às normas de trânsito pelo condutor;tipo_acidente=Colisão transversal;classificacao_acidente=Com Vítimas Feridas;fase_dia=Anoitecer;sentido_via=Decrescente;condicao_metereologica=Garoa/Chuvisco;tipo_pista=Dupla;tracado_via=Reta;uso_solo=1;pessoas=3;mortos=0;feridos_leves=2;feridos_graves=0;ilesos=0;ignorados=1;feridos=2;veiculos=2
dia_semana=segunda-feira;br=101.0;km=269.5;municipio=SERRA;causa_acidente=Falta de Atenção à Condução;tipo_acidente=Colisão traseira;classificacao_acidente=Com Vítimas Feridas;fase_dia=Pleno dia;sentido_via=Decrescente;condicao_metereologica=Céu Claro;tipo_pista=Dupla;tracado_via=Reta;uso_solo=1;pessoas=2;mortos=0;feridos_leves=0;feridos_graves=1;ilesos=1;ignorados=0;feridos=1;veiculos=2
dia_semana=segunda-feira;br=262.0;km=63.9;municipio=MARECHAL FLORIANO;causa_acidente=Velocidade Incompatível;tipo_acidente=Tombamento;classificacao_acidente=Sem Vítimas;fase_dia=Pleno dia;sentido_via=Crescente;condicao_metereologica=Céu Claro;tipo_pista=Simples;tracado_via=Curva;uso_solo=0;pessoas=1;mortos=0;feridos_leves=0;feridos_graves=0;ilesos=1;ignorados=0;feridos=0;veiculos=1
dia_semana=segunda-feira;br=101.0;km=270;municipio=SERRA;causa_acidente=Desobediência às normas de trânsito pelo condutor;tipo_acidente=Colisão traseira;classificacao_acidente=Com Vítimas Feridas;fase_dia=Anoitecer;sentido_via=Crescente;condicao_metereologica=Céu Claro;tipo_pista=Simples;tracado_via=Reta;uso_solo=1;pessoas=2;mortos=0;feridos_leves=1;feridos_graves=0;ilesos=1;ignorados=0;feridos=1;veiculos=2
dia_semana=segunda-feira;br=101.0;km=299.9;municipio=VIANA;causa_acidente=Ingestão de Álcool;tipo_acidente=Colisão transversal;classificacao_acidente=Com Vítimas Feridas;fase_dia=Plena Noite;sentido_via=Crescente;condicao_metereologica=Céu Claro;tipo_pista=Dupla;tracado_via=Interseção de vias;uso_solo=1;pessoas=2;mortos=0;feridos_leves=1;feridos_graves=1;ilesos=0;ignorados=0;feridos=2;veiculos=2
dia_semana=terça-feira;br=101.0;km=143;municipio=LINHARES;causa_acidente=Condutor Dormindo;tipo_acidente=Colisão traseira;classificacao_acidente=Com Vítimas Feridas;fase_dia=Plena Noite;sentido_via=Decrescente;condicao_metereologica=Céu Claro;tipo_pista=Simples;tracado_via=Reta;uso_solo=1;pessoas=3;mortos=0;feridos_leves=1;feridos_graves=0;ilesos=2;ignorados=0;feridos=1;veiculos=2
dia_semana=terça-feira;br=101.0;km=269;municipio=SERRA;causa_acidente=Desobediência às normas de trânsito pelo condutor;tipo_acidente=Atropelamento de Pedestre;classificacao_acidente=Com Vítimas Feridas;fase_dia=Pleno dia;sentido_via=Crescente;condicao_metereologica=Céu Claro;tipo_pista=Dupla;tracado_via=Reta;uso_solo=1;pessoas=3;mortos=0;feridos_leves=0;feridos_graves=1;ilesos=1;ignorados=1;feridos=1;veiculos=1
dia_semana=terça-feira;br=101.0;km=269;municipio=SERRA;causa_acidente=Falta de Atenção à Condução;tipo_acidente=Colisão traseira;classificacao_acidente=Com Vítimas Feridas;fase_dia=Pleno dia;sentido_via=Crescente;condicao_metereologica=Sol;tipo_pista=Dupla;tracado_via=Reta;uso_solo=1;pessoas=5;mortos=0;feridos_leves=2;feridos_graves=0;ilesos=3;ignorados=0;feridos=2;veiculos=4
dia_semana=terça-feira;br=101.0;km=298.5;municipio=CARIACICA;causa_acidente=Falta de Atenção à Condução;tipo_acidente=Colisão lateral;classificacao_acidente=Sem Vítimas;fase_dia=Pleno dia;sentido_via=Crescente;condicao_metereologica=Céu Claro;tipo_pista=Dupla;tracado_via=Interseção de vias;uso_solo=1;pessoas=2;mortos=0;feridos_leves=0;feridos_graves=0;ilesos=2;ignorados=0;feridos=0;veiculos=2
dia_semana=terça-feira;br=101.0;km=339.8;municipio=GUARAPARI;causa_acidente=Desobediência às normas de trânsito pelo condutor;tipo_acidente=Colisão lateral;classificacao_acidente=Com Vítimas Feridas;fase_dia=Pleno dia;sentido_via=Decrescente;condicao_metereologica=Céu Claro;tipo_pista=Simples;tracado_via=Reta;uso_solo=0;pessoas=5;mortos=0;feridos_leves=0;feridos_graves=1;ilesos=4;ignorados=0;feridos=1;veiculos=4
dia_semana=terça-feira;br=262.0;km=6.5;municipio=CARIACICA;causa_acidente=Falta de Atenção à Condução;tipo_acidente=Colisão lateral;classificacao_acidente=Sem Vítimas;fase_dia=Pleno dia;sentido_via=Decrescente;condicao_metereologica=Sol;tipo_pista=Dupla;tracado_via=Reta;uso_solo=1;pessoas=2;mortos=0;feridos_leves=0;feridos_graves=0;ilesos=2;ignorados=0;feridos=0;veiculos=2
dia_semana=terça-feira;br=101.0;km=38;municipio=CONCEICAO DA BARRA;causa_acidente=Falta de Atenção à Condução;tipo_acidente=Colisão transversal;classificacao_acidente=Com Vítimas Feridas;fase_dia=Pleno dia;sentido_via=Decrescente;condicao_metereologica=Céu Claro;tipo_pista=Simples;tracado_via=Rotatória;uso_solo=1;pessoas=3;mortos=0;feridos_leves=1;feridos_graves=1;ilesos=1;ignorados=0;feridos=2;veiculos=2
dia_semana=terça-feira;br=101.0;km=146.7;municipio=LINHARES;causa_acidente=Desobediência às normas de trânsito pelo condutor;tipo_acidente=Colisão transversal;classificacao_acidente=Com Vítimas Feridas;fase_dia=Pleno dia;sentido_via=Crescente;condicao_metereologica=Céu Claro;tipo_pista=Dupla;tracado_via=Reta;uso_solo=1;pessoas=2;mortos=0;feridos_leves=2;feridos_graves=0;ilesos=0;ignorados=0;feridos=2;veiculos=2
dia_semana=terça-feira;br=101.0;km=224.2;municipio=IBIRACU;causa_acidente=Desobediência às normas de trânsito pelo condutor;tipo_acidente=Colisão traseira;classificacao_acidente=Com Vítimas Feridas;fase_dia=Pleno dia;sentido_via=Decrescente;condicao_metereologica=Céu Claro;tipo_pista=Simples;tracado_via=Reta;uso_solo=0;pessoas=6;mortos=0;feridos_leves=1;feridos_graves=0;ilesos=5;ignorados=0;feridos=1;veiculos=6
dia_semana=terça-feira;br=262.0;km=0.4;municipio=CARIACICA;causa_acidente=Carga excessiva e/ou mal acondicionada;tipo_acidente=Tombamento;classificacao_acidente=Com Vítimas Feridas;fase_dia=Pleno dia;sentido_via=Crescente;condicao_metereologica=Sol;tipo_pista=Dupla;tracado_via=Ponte;uso_solo=0;pessoas=1;mortos=0;feridos_leves=1;feridos_graves=0;ilesos=0;ignorados=0;feridos=1;veiculos=1
dia_semana=terça-feira;br=262.0;km=0.5;municipio=CARIACICA;causa_acidente=Falta de Atenção à Condução;tipo_acidente=Colisão lateral;classificacao_acidente=Com Vítimas Feridas;fase_dia=Pleno dia;sentido_via=Crescente;condicao_metereologica=Sol;tipo_pista=Dupla;tracado_via=Reta;uso_solo=0;pessoas=3;mortos=0;feridos_leves=1;feridos_graves=0;ilesos=2;ignorados=0;feridos=1;veiculos=2
dia_semana=terça-feira;br=101.0;km=198;municipio=JOAO NEIVA;causa_acidente=Defeito Mecânico no Veículo;tipo_acidente=Queda de ocupante de veículo;classificacao_acidente=Com Vítimas Feridas;fase_dia=Anoitecer;sentido_via=Crescente;condicao_metereologica=Céu Claro;tipo_pista=Simples;tracado_via=Curva;uso_solo=0;pessoas=2;mortos=0;feridos_leves=2;feridos_graves=0;ilesos=0;ignorados=0;feridos=2;veiculos=1
dia_semana=quarta-feira;br=101.0;km=146.2;municipio=LINHARES;causa_acidente=Desobediência às normas de trânsito pelo condutor;tipo_acidente=Tombamento;classificacao_acidente=Com Vítimas Feridas;fase_dia=Pleno dia;sentido_via=Crescente;condicao_metereologica=Céu Claro;tipo_pista=Simples;tracado_via=Reta;uso_solo=1;pessoas=1;mortos=0;feridos_leves=0;feridos_graves=1;ilesos=0;ignorados=0;feridos=1;veiculos=1
dia_semana=quarta-feira;br=101.0;km=269;municipio=SERRA;causa_acidente=Falta de Atenção à Condução;tipo_acidente=Atropelamento de Pedestre;classificacao_acidente=Com Vítimas Feridas;fase_dia=Pleno dia;sentido_via=Crescente;condicao_metereologica=Garoa/Chuvisco;tipo_pista=Múltipla;tracado_via=Reta;uso_solo=1;pessoas=3;mortos=0;feridos_leves=0;feridos_graves=1;ilesos=0;ignorados=2;feridos=1;veiculos=2
dia_semana=quarta-feira;br=262.0;km=22.4;municipio=VIANA;causa_acidente=Condutor Dormindo;tipo_acidente=Colisão lateral;classificacao_acidente=Com Vítimas Feridas;fase_dia=Pleno dia;sentido_via=Crescente;condicao_metereologica=Céu Claro;tipo_pista=Simples;tracado_via=Curva;uso_solo=0;pessoas=2;mortos=0;feridos_leves=1;feridos_graves=0;ilesos=1;ignorados=0;feridos=1;veiculos=2
dia_semana=quarta-feira;br=101.0;km=256;municipio=SERRA;causa_acidente=Desobediência às normas de trânsito pelo condutor;tipo_acidente=Queda de ocupante de veículo;classificacao_acidente=Com Vítimas Feridas;fase_dia=Pleno dia;sentido_via=Crescente;condicao_metereologica=Céu Claro;tipo_pista=Simples;tracado_via=Não Informado;uso_solo=1;pessoas=1;mortos=0;feridos_leves=1;feridos_graves=0;ilesos=0;ignorados=0;feridos=1;veiculos=1
dia_semana=quarta-feira;br=482.0;km=96;municipio=ALEGRE;causa_acidente=Pista Escorregadia;tipo_acidente=Capotamento;classificacao_acidente=Com Vítimas Feridas;fase_dia=Pleno dia;sentido_via=Crescente;condicao_metereologica=Chuva;tipo_pista=Simples;tracado_via=Reta;uso_solo=0;pessoas=1;mortos=0;feridos_leves=1;feridos_graves=0;ilesos=0;ignorados=0;feridos=1;veiculos=1
dia_semana=quarta-feira;br=262.0;km=2.6;municipio=CARIACICA;causa_acidente=Falta de Atenção à Condução;tipo_acidente=Colisão traseira;classificacao_acidente=Com Vítimas Feridas;fase_dia=Pleno dia;sentido_via=Crescente;condicao_metereologica=Céu Claro;tipo_pista=Múltipla;tracado_via=Não Informado;uso_solo=1;pessoas=2;mortos=0;feridos_leves=1;feridos_graves=0;ilesos=1;ignorados=0;feridos=1;veiculos=2
dia_semana=sábado;br=262.0;km=145;municipio=IBATIBA;causa_acidente=Ingestão de Álcool;tipo_acidente=Colisão traseira;classificacao_acidente=Com Vítimas Fatais;fase_dia=Pleno dia;sentido_via=Decrescente;condicao_metereologica=Céu Claro;tipo_pista=Simples;tracado_via=Reta;uso_solo=1;pessoas=3;mortos=1;feridos_leves=1;feridos_graves=1;ilesos=0;ignorados=0;feridos=2;veiculos=2
dia_semana=quarta-feira;br=101.0;km=149.1;municipio=LINHARES;causa_acidente=Desobediência às normas de trânsito pelo condutor;tipo_acidente=Colisão transversal;classificacao_acidente=Com Vítimas Feridas;fase_dia=Plena Noite;sentido_via=Crescente;condicao_metereologica=Nublado;tipo_pista=Múltipla;tracado_via=Interseção de vias;uso_solo=1;pessoas=2;mortos=0;feridos_leves=1;feridos_graves=0;ilesos=1;ignorados=0;feridos=1;veiculos=2
dia_semana=quarta-feira;br=101.0;km=259.9;municipio=SERRA;causa_acidente=Velocidade Incompatível;tipo_acidente=Queda de ocupante de veículo;classificacao_acidente=Com Vítimas Feridas;fase_dia=Pleno dia;sentido_via=Decrescente;condicao_metereologica=Sol;tipo_pista=Simples;tracado_via=Não Informado;uso_solo=1;pessoas=1;mortos=0;feridos_leves=0;feridos_graves=1;ilesos=0;ignorados=0;feridos=1;veiculos=1
dia_semana=quinta-feira;br=101.0;km=310.8;municipio=VIANA;causa_acidente=Falta de Atenção à Condução;tipo_acidente=Colisão com objeto estático;classificacao_acidente=Com Vítimas Feridas;fase_dia=Amanhecer;sentido_via=Crescente;condicao_metereologica=Céu Claro;tipo_pista=Simples;tracado_via=Reta;uso_solo=0;pessoas=1;mortos=0;feridos_leves=0;feridos_graves=1;ilesos=0;ignorados=0;feridos=1;veiculos=1
dia_semana=quinta-feira;br=101.0;km=147.5;municipio=LINHARES;causa_acidente=Falta de Atenção à Condução;tipo_acidente=Colisão traseira;classificacao_acidente=Com Vítimas Feridas;fase_dia=Pleno dia;sentido_via=Crescente;condicao_metereologica=Céu Claro;tipo_pista=Dupla;tracado_via=Reta;uso_solo=0;pessoas=2;mortos=0;feridos_leves=1;feridos_graves=0;ilesos=1;ignorados=0;feridos=1;veiculos=2
dia_semana=quinta-feira;br=101.0;km=225.1;municipio=IBIRACU;causa_acidente=Ingestão de Álcool;tipo_acidente=Saída de leito carroçável;classificacao_acidente=Com Vítimas Feridas;fase_dia=Pleno dia;sentido_via=Decrescente;condicao_metereologica=Sol;tipo_pista=Simples;tracado_via=Reta;uso_solo=0;pessoas=1;mortos=0;feridos_leves=1;feridos_graves=0;ilesos=0;ignorados=0;feridos=1;veiculos=1
dia_semana=quinta-feira;br=101.0;km=149.3;municipio=LINHARES;causa_acidente=Não guardar distância de segurança;tipo_acidente=Colisão lateral;classificacao_acidente=Com Vítimas Feridas;fase_dia=Pleno dia;sentido_via=Decrescente;condicao_metereologica=Sol;tipo_pista=Múltipla;tracado_via=Interseção de vias;uso_solo=1;pessoas=2;mortos=0;feridos_leves=0;feridos_graves=1;ilesos=1;ignorados=0;feridos=1;veiculos=2
dia_semana=quinta-feira;br=482.0;km=104;municipio=GUACUI;causa_acidente=Falta de Atenção à Condução;tipo_acidente=Colisão transversal;classificacao_acidente=Com Vítimas Feridas;fase_dia=Pleno dia;sentido_via=Decrescente;condicao_metereologica=Céu Claro;tipo_pista=Simples;tracado_via=Interseção de vias;uso_solo=1;pessoas=2;mortos=0;feridos_leves=1;feridos_graves=0;ilesos=1;ignorados=0;feridos=1;veiculos=2
dia_semana=quinta-feira;br=101.0;km=148;municipio=LINHARES;causa_acidente=Falta de Atenção à Condução;tipo_acidente=Colisão lateral;classificacao_acidente=Sem Vítimas;fase_dia=Amanhecer;sentido_via=Decrescente;condicao_metereologica=Céu Claro;tipo_pista=Dupla;tracado_via=Interseção de vias;uso_solo=0;pessoas=2;mortos=0;feridos_leves=0;feridos_graves=0;ilesos=2;ignorados=0;feridos=0;veiculos=2
dia_semana=quinta-feira;br=101.0;km=8;municipio=PEDRO CANARIO;causa_acidente=Animais na Pista;tipo_acidente=Atropelamento de Animal;classificacao_acidente=Com Vítimas Feridas;fase_dia=Plena Noite;sentido_via=Crescente;condicao_metereologica=Céu Claro;tipo_pista=Simples;tracado_via=Desvio Temporário;uso_solo=0;pessoas=2;mortos=0;feridos_leves=1;feridos_graves=0;ilesos=0;ignorados=1;feridos=1;veiculos=1