dia_semana=terça-feira;br=101.0;km=121.3;municipio=SOORETAMA;causa_acidente=Condutor Dormindo;tipo_acidente=Colisão lateral;classificacao_acidente=Com Vítimas Feridas;fase_dia=Pleno dia;sentido_via=Crescente;condicao_metereologica=Céu Claro;tipo_pista=Simples;tracado_via=Reta;uso_solo=0;pessoas=2;mortos=0;feridos_leves=0;feridos_graves=1;ilesos=1;ignorados=0;feridos=1;veiculos=2
dia_semana=segunda-feira;br=101.0;km=147;municipio=LINHARES;causa_acidente=Desobediência às normas de trânsito pelo condutor;tipo_acidente=Colisão traseira;classificacao_acidente=Com Vítimas Feridas;fase_dia=Amanhecer;sentido_via=Crescente;condicao_metereologica=Céu Claro;tipo_pista=Dupla;tracado_via=Reta;uso_solo=1;pessoas=3;mortos=0;feridos_leves=0;feridos_graves=1;ilesos=2;ignorados=0;feridos=1;veiculos=3
dia_semana=sexta-feira;br=482.0;km=120;municipio=GUACUI;causa_acidente=Pista Escorregadia;tipo_acidente=Saída de leito carroçável;classificacao_acidente=Com Vítimas Feridas;fase_dia=Plena Noite;sentido_via=Decrescente;condicao_metereologica=Chuva;tipo_pista=Simples;tracado_via=Reta;uso_solo=0;pessoas=2;mortos=0;feridos_leves=2;feridos_graves=0;ilesos=0;ignorados=0;feridos=2;veiculos=1
dia_semana=sábado;br=101.0;km=162.9;municipio=LINHARES;causa_acidente=Falta de Atenção à Condução;tipo_acidente=Colisão transversal;classificacao_acidente=Com Vítimas Feridas;fase_dia=Plena Noite;sentido_via=Decrescente;condicao_metereologica=Céu Claro;tipo_pista=Simples;tracado_via=Interseção de vias;uso_solo=0;pessoas=3;mortos=0;feridos_leves=2;feridos_graves=0;ilesos=1;ignorados=0;feridos=2;veiculos=2
dia_semana=terça-feira;br=262.0;km=1;municipio=CARIACICA;causa_acidente=Falta de Atenção à Condução;tipo_acidente=Colisão lateral;classificacao_acidente=Com Vítimas Feridas;fase_dia=Pleno dia;sentido_via=Decrescente;condicao_metereologica=Céu Claro;tipo_pista=Dupla;tracado_via=Reta;uso_solo=1;pessoas=4;mortos=0;feridos_leves=1;feridos_graves=0;ilesos=3;ignorados=0;feridos=1;veiculos=2
dia_semana=sábado;br=101.0;km=6.7;municipio=PEDRO CANARIO;causa_acidente=Velocidade Incompatível;tipo_acidente=Colisão com objeto estático;classificacao_acidente=Com Vítimas Feridas;fase_dia=Pleno dia;sentido_via=Crescente;condicao_metereologica=Céu Claro;tipo_pista=Simples;tracado_via=Curva;uso_solo=0;pessoas=1;mortos=0;feridos_leves=0;feridos_graves=1;ilesos=0;ignorados=0;feridos=1;veiculos=1
dia_semana=sábado;br=482.0;km=81.5;municipio=ALEGRE;causa_acidente=Desobediência às normas de trânsito pelo condutor;tipo_acidente=Colisão transversal;classificacao_acidente=Com Vítimas Feridas;fase_dia=Pleno dia;sentido_via=Decrescente;condicao_metereologica=Céu Claro;tipo_pista=Simples;tracado_via=Reta;uso_solo=0;pessoas=2;mortos=0;feridos_leves=1;feridos_graves=0;ilesos=1;ignorados=0;feridos=1;veiculos=2
dia_semana=sábado;br=101.0;km=406.4;municipio=ITAPEMIRIM;causa_acidente=Velocidade Incompatível;tipo_acidente=Saída de leito carroçável;classificacao_acidente=Com Vítimas Feridas;fase_dia=Plena Noite;sentido_via=Decrescente;condicao_metereologica=Céu Claro;tipo_pista=Simples;tracado_via=Reta;uso_solo=0;pessoas=1;mortos=0;feridos_leves=1;feridos_graves=0;ilesos=0;ignorados=0;feridos=1;veiculos=1
dia_semana=sábado;br=262.0;km=55;municipio=MARECHAL FLORIANO;causa_acidente=Falta de Atenção à Condução;tipo_acidente=Tombamento;classificacao_acidente=Com Vítimas Feridas;fase_dia=Plena Noite;sentido_via=Decrescente;condicao_metereologica=Céu Claro;tipo_pista=Simples;tracado_via=Reta;uso_solo=0;pessoas=2;mortos=0;feridos_leves=0;feridos_graves=1;ilesos=0;ignorados=1;feridos=1;veiculos=2
dia_semana=domingo;br=101.0;km=271.9;municipio=SERRA;causa_acidente=Falta de Atenção à Condução;tipo_acidente=Colisão com objeto estático;classificacao_acidente=Com Vítimas Feridas;fase_dia=Plena Noite;sentido_via=Decrescente;condicao_metereologica=Céu Claro;tipo_pista=Múltipla;tracado_via=Reta;uso_solo=1;pessoas=1;mortos=0;feridos_leves=1;feridos_graves=0;ilesos=0;ignorados=0;feridos=1;veiculos=1
dia_semana=sábado;br=101.0;km=31;municipio=CONCEICAO DA BARRA;causa_acidente=Ingestão de Álcool;tipo_acidente=Colisão com objeto estático;classificacao_acidente=Sem Vítimas;fase_dia=Plena Noite;sentido_via=Crescente;condicao_metereologica=Céu Claro;tipo_pista=Simples;tracado_via=Rotatória;uso_solo=1;pessoas=2;mortos=0;feridos_leves=0;feridos_graves=0;ilesos=2;ignorados=0;feridos=0;veiculos=2
dia_semana=domingo;br=101.0;km=151.2;municipio=LINHARES;causa_acidente=Desobediência às normas de trânsito pelo condutor;tipo_acidente=Colisão com objeto estático;classificacao_acidente=Sem Vítimas;fase_dia=Plena Noite;sentido_via=Decrescente;condicao_metereologica=Céu Claro;tipo_pista=Simples;tracado_via=Reta;uso_solo=0;pessoas=1;mortos=0;feridos_leves=0;feridos_graves=0;ilesos=0;ignorados=1;feridos=0;veiculos=1
dia_semana=domingo;br=101.0;km=141;municipio=LINHARES;causa_acidente=Desobediência às normas de trânsito pelo condutor;tipo_acidente=Colisão traseira;classificacao_acidente=Com Vítimas Feridas;fase_dia=Pleno dia;sentido_via=Crescente;condicao_metereologica=Céu Claro;tipo_pista=Dupla;tracado_via=Interseção de vias;uso_solo=0;pessoas=2;mortos=0;feridos_leves=1;feridos_graves=0;ilesos=1;ignorados=0;feridos=1;veiculos=2
dia_semana=domingo;br=101.0;km=188.1;municipio=ARACRUZ;causa_acidente=Carga excessiva e/ou mal acondicionada;tipo_acidente=Tombamento;classificacao_acidente=Com Vítimas Feridas;fase_dia=Pleno dia;sentido_via=Crescente;condicao_metereologica=Sol;tipo_pista=Simples;tracado_via=Curva;uso_solo=0;pessoas=1;mortos=0;feridos_leves=1;feridos_graves=0;ilesos=0;ignorados=0;feridos=1;veiculos=1
dia_semana=domingo;br=259.0;km=36;municipio=COLATINA;causa_acidente=Defeito Mecânico no Veículo;tipo_acidente=Incêndio;classificacao_acidente=Sem Vítimas;fase_dia=Pleno dia;sentido_via=Crescente;condicao_metereologica=Sol;tipo_pista=Simples;tracado_via=Reta;uso_solo=0;pessoas=1;mortos=0;feridos_leves=0;feridos_graves=0;ilesos=1;ignorados=0;feridos=0;veiculos=1
dia_semana=sexta-feira;br=262.0;km=3.2;municipio=CARIACICA;causa_acidente=Desobediência às normas de trânsito pelo condutor;tipo_acidente=Colisão lateral;classificacao_acidente=Com Vítimas Feridas;fase_dia=Pleno dia;sentido_via=Crescente;condicao_metereologica=Céu Claro;tipo_pista=Dupla;tracado_via=Não Informado;uso_solo=1;pessoas=3;mortos=0;feridos_leves=1;feridos_graves=0;ilesos=1;ignorados=1;feridos=1;veiculos=2
dia_semana=domingo;br=262.0;km=6.5;municipio=CARIACICA;causa_acidente=Animais na Pista;tipo_acidente=Colisão frontal;classificacao_acidente=Com Vítimas Feridas;fase_dia=Plena Noite;sentido_via=Crescente;condicao_metereologica=Céu Claro;tipo_pista=Dupla;tracado_via=Reta;uso_solo=1;pessoas=2;mortos=0;feridos_leves=1;feridos_graves=0;ilesos=1;ignorados=0;feridos=1;veiculos=1
dia_semana=segunda-feira;br=101.0;km=279.1;municipio=SERRA;causa_acidente=Falta de Atenção à Condução;tipo_acidente=Colisão transversal;classificacao_acidente=Com Vítimas Feridas;fase_dia=Pleno dia;sentido_via=Crescente;condicao_metereologica=Sol;tipo_pista=Dupla;tracado_via=Reta;uso_solo=0;pessoas=3;mortos=0;feridos_leves=1;feridos_graves=1;ilesos=1;ignorados=0;feridos=2;veiculos=2
dia_semana=segunda-feira;br=101.0;km=150.2;municipio=LINHARES;causa_acidente=Falta de Atenção à Condução;tipo_acidente=Colisão com objeto estático;classificacao_acidente=Com Vítimas Feridas;fase_dia=Pleno dia;sentido_via=Crescente;condicao_metereologica=Sol;tipo_pista=Múltipla;tracado_via=Reta;uso_solo=1;pessoas=1;mortos=0;feridos_leves=0;feridos_graves=1;ilesos=0;ignorados=0;feridos=1;veiculos=1
dia_semana=segunda-feira;br=101.0;km=292;municipio=CARIACICA;causa_acidente=Falta de Atenção à Condução;tipo_acidente=Colisão traseira;classificacao_acidente=Com Vítimas Feridas;fase_dia=Pleno dia;sentido_via=Crescente;condicao_metereologica=Sol;tipo_pista=Dupla;tracado_via=Reta;uso_solo=0;pessoas=2;mortos=0;feridos_leves=1;feridos_graves=0;ilesos=1;ignorados=0;feridos=1;veiculos=2
dia_semana=segunda-feira;br=262.0;km=97.4;municipio=DOMINGOS MARTINS;causa_acidente=Pista Escorregadia;tipo_acidente=Colisão frontal;classificacao_acidente=Sem Vítimas;fase_dia=Anoitecer;sentido_via=Crescente;condicao_metereologica=Chuva;tipo_pista=Simples;tracado_via=Curva;uso_solo=1;pessoas=3;mortos=0;feridos_leves=0;feridos_graves=0;ilesos=3;ignorados=0;feridos=0;veiculos=3
dia_semana=segunda-feira;br=259.0;km=61.2;municipio=COLATINA;causa_acidente=Não guardar distância de segurança;tipo_acidente=Colisão traseira;classificacao_acidente=Com Vítimas Feridas;fase_dia=Anoitecer;sentido_via=Crescente;condicao_metereologica=Ignorado;tipo_pista=Simples;tracado_via=Reta;uso_solo=0;pessoas=2;mortos=0;feridos_leves=0;feridos_graves=1;ilesos=1;ignorados=0;feridos=1;veiculos=2
dia_semana=segunda-feira;br=259.0;km=61.2;municipio=COLATINA;causa_acidente=Falta de Atenção à Condução;tipo_acidente=Colisão traseira;classificacao_acidente=Com Vítimas Feridas;fase_dia=Plena Noite;sentido_via=Crescente;condicao_metereologica=Céu Claro;tipo_pista=Simples;tracado_via=Reta;uso_solo=0;pessoas=3;mortos=0;feridos_leves=0;feridos_graves=1;ilesos=2;ignorados=0;feridos=1;veiculos=3
dia_semana=segunda-feira;br=262.0;km=31;municipio=DOMINGOS MARTINS;causa_acidente=Pista Escorregadia;tipo_acidente=Colisão com objeto estático;classificacao_acidente=Com Vítimas Feridas;fase_dia=Plena Noite;sentido_via=Crescente;condicao_metereologica=Chuva;tipo_pista=Simples;tracado_via=Curva;uso_solo=0;pessoas=2;mortos=0;feridos_leves=1;feridos_graves=0;ilesos=1;ignorados=0;feridos=1;veiculos=2
dia_semana=terça-feira;br=262.0;km=130.2;municipio=BREJETUBA;causa_acidente=Condutor Dormindo;tipo_acidente=Saída de leito carroçável;classificacao_acidente=Com Vítimas Feridas;fase_dia=Pleno dia;sentido_via=Crescente;condicao_metereologica=Chuva;tipo_pista=Simples;tracado_via=Reta;uso_solo=0;pessoas=1;mortos=0;feridos_leves=1;feridos_graves=0;ilesos=0;ignorados=0;feridos=1;veiculos=1
dia_semana=terça-feira;br=262.0;km=39.9;municipio=DOMINGOS MARTINS;causa_acidente=Velocidade Incompatível;tipo_acidente=Colisão frontal;classificacao_acidente=Com Vítimas Feridas;fase_dia=Pleno dia;sentido_via=Crescente;condicao_metereologica=Nublado;tipo_pista=Simples;tracado_via=Curva;uso_solo=0;pessoas=6;mortos=0;feridos_leves=1;feridos_graves=1;ilesos=4;ignorados=0;feridos=2;veiculos=2
dia_semana=terça-feira;br=101.0;km=150.1;municipio=LINHARES;causa_acidente=Não guardar distância de segurança;tipo_acidente=Colisão traseira;classificacao_acidente=Com Vítimas Feridas;fase_dia=Pleno dia;sentido_via=Decrescente;condicao_metereologica=Nublado;tipo_pista=Simples;tracado_via=Reta;uso_solo=1;pessoas=2;mortos=0;feridos_leves=1;feridos_graves=0;ilesos=1;ignorados=0;feridos=1;veiculos=2
dia_semana=terça-feira;br=262.0;km=6.8;municipio=CARIACICA;causa_acidente=Falta de Atenção do Pedestre;tipo_acidente=Atropelamento de Pedestre;classificacao_acidente=Com Vítimas Feridas;fase_dia=Pleno dia;sentido_via=Decrescente;condicao_metereologica=Céu Claro;tipo_pista=Múltipla;tracado_via=Reta;uso_solo=1;pessoas=2;mortos=0;feridos_leves=1;feridos_graves=0;ilesos=1;ignorados=0;feridos=1;veiculos=1
dia_semana=terça-feira;br=101.0;km=267;municipio=SERRA;causa_acidente=Desobediência às normas de trânsito pelo condutor;tipo_acidente=Colisão traseira;classificacao_acidente=Com Vítimas Feridas;fase_dia=Pleno dia;sentido_via=Decrescente;condicao_metereologica=Sol;tipo_pista=Dupla;tracado_via=Reta;uso_solo=1;pessoas=3;mortos=0;feridos_leves=1;feridos_graves=0;ilesos=2;ignorados=0;feridos=1;veiculos=3
dia_semana=terça-feira;br=259.0;km=71.5;municipio=COLATINA;causa_acidente=Falta de Atenção à Condução;tipo_acidente=Tombamento;classificacao_acidente=Com Vítimas Feridas;fase_dia=Plena Noite;sentido_via=Crescente;condicao_metereologica=Céu Claro;tipo_pista=Simples;tracado_via=Reta;uso_solo=0;pessoas=1;mortos=0;feridos_leves=0;feridos_graves=1;ilesos=0;ignorados=0;feridos=1;veiculos=1
dia_semana=terça-feira;br=101.0;km=348.2;municipio=ANCHIETA;causa_acidente=Condutor Dormindo;tipo_acidente=Colisão lateral;classificacao_acidente=Com Vítimas Feridas;fase_dia=Plena Noite;sentido_via=Crescente;condicao_metereologica=Chuva;tipo_pista=Simples;tracado_via=Reta;uso_solo=0;pessoas=2;mortos=0;feridos_leves=1;feridos_graves=0;ilesos=1;ignorados=0;feridos=1;veiculos=2
dia_semana=quarta-feira;br=101.0;km=240;municipio=SERRA;causa_acidente=Pista Escorregadia;tipo_acidente=Saída de leito carroçável;classificacao_acidente=Com Vítimas Feridas;fase_dia=Pleno dia;sentido_via=Crescente;condicao_metereologica=Chuva;tipo_pista=Dupla;tracado_via=Curva;uso_solo=0;pessoas=3;mortos=0;feridos_leves=2;feridos_graves=0;ilesos=1;ignorados=0;feridos=2;veiculos=1
dia_semana=quarta-feira;br=101.0;km=164.9;municipio=LINHARES;causa_acidente=Velocidade Incompatível;tipo_acidente=Saída de leito carroçável;classificacao_acidente=Com Vítimas Feridas;fase_dia=Pleno dia;sentido_via=Decrescente;condicao_metereologica=Chuva;tipo_pista=Simples;tracado_via=Reta;uso_solo=0;pessoas=1;mortos=0;feridos_leves=1;feridos_graves=0;ilesos=0;ignorados=0;feridos=1;veiculos=1
dia_semana=quarta-feira;br=101.0;km=274;municipio=SERRA;causa_acidente=Pista Escorregadia;tipo_acidente=Colisão com objeto estático;classificacao_acidente=Com Vítimas Feridas;fase_dia=Pleno dia;sentido_via=Crescente;condicao_metereologica=Chuva;tipo_pista=Dupla;tracado_via=Curva;uso_solo=0;pessoas=1;mortos=0;feridos_leves=1;feridos_graves=0;ilesos=0;ignorados=0;feridos=1;veiculos=1
dia_semana=quarta-feira;br=101.0;km=271.2;municipio=SERRA;causa_acidente=Falta de Atenção à Condução;tipo_acidente=Colisão lateral;classificacao_acidente=Com Vítimas Feridas;fase_dia=Plena Noite;sentido_via=Crescente;condicao_metereologica=Chuva;tipo_pista=Dupla;tracado_via=Reta;uso_solo=0;pessoas=2;mortos=0;feridos_leves=1;feridos_graves=0;ilesos=1;ignorados=0;feridos=1;veiculos=2
dia_semana=quarta-feira;br=262.0;km=32;municipio=DOMINGOS MARTINS;causa_acidente=Falta de Atenção à Condução;tipo_acidente=Colisão com objeto estático;classificacao_acidente=Sem Vítimas;fase_dia=Anoitecer;sentido_via=Decrescente;condicao_metereologica=Chuva;tipo_pista=Dupla;tracado_via=Reta;uso_solo=0;pessoas=1;mortos=0;feridos_leves=0;feridos_graves=0;ilesos=1;ignorados=0;feridos=0;veiculos=1
dia_semana=quarta-feira;br=262.0;km=4.5;municipio=CARIACICA;causa_acidente=Falta de Atenção à Condução;tipo_acidente=Colisão traseira;classificacao_acidente=Com Vítimas Feridas;fase_dia=Plena Noite;sentido_via=Decrescente;condicao_metereologica=Chuva;tipo_pista=Dupla;tracado_via=Reta;uso_solo=1;pessoas=2;mortos=0;feridos_leves=1;feridos_graves=0;ilesos=1;ignorados=0;feridos=1;veiculos=2
dia_semana=quinta-feira;br=101.0;km=0.4;municipio=SERRA;causa_acidente=Desobediência às normas de trânsito pelo condutor;tipo_acidente=Colisão transversal;classificacao_acidente=Com Vítimas Feridas;fase_dia=Pleno dia;sentido_via=Decrescente;condicao_metereologica=Chuva;tipo_pista=Múltipla;tracado_via=Interseção de vias;uso_solo=1;pessoas=4;mortos=0;feridos_leves=2;feridos_graves=0;ilesos=1;ignorados=1;feridos=2;veiculos=4
dia_semana=quinta-feira;br=101.0;km=72.6;municipio=SAO MATEUS;causa_acidente=Ultrapassagem Indevida;tipo_acidente=Colisão lateral;classificacao_acidente=Com Vítimas Feridas;fase_dia=Pleno dia;sentido_via=Decrescente;condicao_metereologica=Nublado;tipo_pista=Simples;tracado_via=Reta;uso_solo=0;pessoas=3;mortos=0;feridos_leves=2;feridos_graves=0;ilesos=1;ignorados=0;feridos=2;veiculos=2
dia_semana=quinta-feira;br=101.0;km=249.9;municipio=SERRA;causa_acidente=Pista Escorregadia;tipo_acidente=Capotamento;classificacao_acidente=Com Vítimas Feridas;fase_dia=Pleno dia;sentido_via=Decrescente;condicao_metereologica=Chuva;tipo_pista=Simples;tracado_via=Reta;uso_solo=0;pessoas=1;mortos=0;feridos_leves=1;feridos_graves=0;ilesos=0;ignorados=0;feridos=1;veiculos=1
dia_semana=quinta-feira;br=482.0;km=94.9;municipio=ALEGRE;causa_acidente=Defeito Mecânico no Veículo;tipo_acidente=Tombamento;classificacao_acidente=Com Vítimas Feridas;fase_dia=Pleno dia;sentido_via=Crescente;condicao_metereologica=Nublado;tipo_pista=Simples;tracado_via=Curva;uso_solo=0;pessoas=2;mortos=0;feridos_leves=0;feridos_graves=2;ilesos=0;ignorados=0;feridos=2;veiculos=1
dia_semana=quinta-feira;br=262.0;km=79;municipio=DOMINGOS MARTINS;causa_acidente=Falta de Atenção à Condução;tipo_acidente=Capotamento;classificacao_acidente=Com Vítimas Feridas;fase_dia=Pleno dia;sentido_via=Decrescente;condicao_metereologica=Chuva;tipo_pista=Simples;tracado_via=Curva;uso_solo=0;pessoas=2;mortos=0;feridos_leves=2;feridos_graves=0;ilesos=0;ignorados=0;feridos=2;veiculos=1
dia_semana=quinta-feira;br=101.0;km=67.8;municipio=SAO MATEUS;causa_acidente=Desobediência às normas de trânsito pelo condutor;tipo_acidente=Colisão transversal;classificacao_acidente=Com Vítimas Feridas;fase_dia=Pleno dia;sentido_via=Decrescente;condicao_metereologica=Nublado;tipo_pista=Dupla;tracado_via=Interseção de vias;uso_solo=1;pessoas=2;mortos=0;feridos_leves=0;feridos_graves=1;ilesos=1;ignorados=0;feridos=1;veiculos=2
dia_semana=quinta-feira;br=101.0;km=303;municipio=CARIACICA;causa_acidente=Falta de Atenção à Condução;tipo_acidente=Colisão traseira;classificacao_acidente=Com Vítimas Feridas;fase_dia=Pleno dia;sentido_via=Crescente;condicao_metereologica=Chuva;tipo_pista=Dupla;tracado_via=Reta;uso_solo=1;pessoas=2;mortos=0;feridos_leves=1;feridos_graves=0;ilesos=1;ignorados=0;feridos=1;veiculos=2
dia_semana=quinta-feira;br=262.0;km=3;municipio=CARIACICA;causa_acidente=Velocidade Incompatível;tipo_acidente=Colisão com objeto estático;classificacao_acidente=Com Vítimas Feridas;fase_dia=Pleno dia;sentido_via=Decrescente;condicao_metereologica=Chuva;tipo_pista=Dupla;tracado_via=Reta;uso_solo=1;pessoas=4;mortos=0;feridos_leves=3;feridos_graves=0;ilesos=1;ignorados=0;feridos=3;veiculos=2
dia_semana=quinta-feira;br=262.0;km=5;municipio=CARIACICA;causa_acidente=Falta de Atenção à Condução;tipo_acidente=Colisão lateral;classificacao_acidente=Com Vítimas Feridas;fase_dia=Plena Noite;sentido_via=Crescente;condicao_metereologica=Chuva;tipo_pista=Múltipla;tracado_via=Reta;uso_solo=1;pessoas=2;mortos=0;feridos_leves=1;feridos_graves=0;ilesos=0;ignorados=1;feridos=1;veiculos=2
dia_semana=quinta-feira;br=101.0;km=273.7;municipio=SERRA;causa_acidente=Pista Escorregadia;tipo_acidente=Colisão com objeto estático;classificacao_acidente=Com Vítimas Feridas;fase_dia=Plena Noite;sentido_via=Decrescente;condicao_metereologica=Nublado;tipo_pista=Dupla;tracado_via=Reta;uso_solo=0;pessoas=1;mortos=0;feridos_leves=0;feridos_graves=1;ilesos=0;ignorados=0;feridos=1;veiculos=1
dia_semana=sexta-feira;br=101.0;km=25.4;municipio=CONCEICAO DA BARRA;causa_acidente=Falta de Atenção à Condução;tipo_acidente=Colisão transversal;classificacao_acidente=Com Vítimas Fatais;fase_dia=Plena Noite;sentido_via=Decrescente;condicao_metereologica=Nublado;tipo_pista=Simples;tracado_via=Reta;uso_solo=0;pessoas=3;mortos=1;feridos_leves=0;feridos_graves=0;ilesos=2;ignorados=0;feridos=0;veiculos=3
dia_semana=sexta-feira;br=101.0;km=333.7;municipio=GUARAPARI;causa_acidente=Velocidade Incompatível;tipo_acidente=Saída de leito carroçável;classificacao_acidente=Com Vítimas Feridas;fase_dia=Amanhecer;sentido_via=Crescente;condicao_metereologica=Garoa/Chuvisco;tipo_pista=Dupla;tracado_via=Curva;uso_solo=0;pessoas=2;mortos=0;feridos_leves=0;feridos_graves=2;ilesos=0;ignorados=0;feridos=2;veiculos=1
dia_semana=sexta-feira;br=101.0;km=291;municipio=CARIACICA;causa_acidente=Falta de Atenção à Condução;tipo_acidente=Colisão lateral;classificacao_acidente=Com Vítimas Feridas;fase_dia=Pleno dia;sentido_via=Crescente;condicao_metereologica=Céu Claro;tipo_pista=Dupla;tracado_via=Reta;uso_solo=1;pessoas=2;mortos=0;feridos_leves=0;feridos_graves=1;ilesos=1;ignorados=0;feridos=1;veiculos=2
dia_semana=sexta-feira;br=101.0;km=106;municipio=SOORETAMA;causa_acidente=Falta de Atenção à Condução;tipo_acidente=Queda de ocupante de veículo;classificacao_acidente=Com Vítimas Feridas;fase_dia=Pleno dia;sentido_via=Decrescente;condicao_metereologica=Garoa/Chuvisco;tipo_pista=Simples;tracado_via=Reta;uso_solo=0;pessoas=1;mortos=0;feridos_leves=0;feridos_graves=1;ilesos=0;ignorados=0;feridos=1;veiculos=1
dia_semana=sexta-feira;br=101.0;km=266.3;municipio=SERRA;causa_acidente=Falta de Atenção do Pedestre;tipo_acidente=Atropelamento de Pedestre;classificacao_acidente=Com Vítimas Feridas;fase_dia=Pleno dia;sentido_via=Crescente;condicao_metereologica=Garoa/Chuvisco;tipo_pista=Dupla;tracado_via=Não Informado;uso_solo=1;pessoas=3;mortos=0;feridos_leves=1;feridos_graves=0;ilesos=1;ignorados=1;feridos=1;veiculos=1
dia_semana=sexta-feira;br=101.0;km=147.3;municipio=LINHARES;causa_acidente=Desobediência às normas de trânsito pelo condutor;tipo_acidente=Colisão frontal;classificacao_acidente=Com Vítimas Feridas;fase_dia=Anoitecer;sentido_via=Decrescente;condicao_metereologica=Nublado;tipo_pista=Simples;tracado_via=Reta;uso_solo=1;pessoas=5;mortos=0;feridos_leves=1;feridos_graves=2;ilesos=2;ignorados=0;feridos=3;veiculos=4
dia_semana=sexta-feira;br=101.0;km=103.5;municipio=SOORETAMA;causa_acidente=Falta de Atenção à Condução;tipo_acidente=Tombamento;classificacao_acidente=Com Vítimas Feridas;fase_dia=Plena Noite;sentido_via=Decrescente;condicao_metereologica=Garoa/Chuvisco;tipo_pista=Simples;tracado_via=Reta;uso_solo=0;pessoas=1;mortos=0;feridos_leves=1;feridos_graves=0;ilesos=0;ignorados=0;feridos=1;veiculos=1
dia_semana=sexta-feira;br=101.0;km=265.7;municipio=SERRA;causa_acidente=Não guardar distância de segurança;tipo_acidente=Colisão traseira;classificacao_acidente=Com Vítimas Feridas;fase_dia=Plena Noite;sentido_via=Decrescente;condicao_metereologica=Chuva;tipo_pista=Múltipla;tracado_via=Reta;uso_solo=1;pessoas=2;mortos=0;feridos_leves=1;feridos_graves=0;ilesos=1;ignorados=0;feridos=1;veiculos=2
dia_semana=sexta-feira;br=101.0;km=325.3;municipio=GUARAPARI;causa_acidente=Defeito Mecânico no Veículo;tipo_acidente=Tombamento;classificacao_acidente=Com Vítimas Feridas;fase_dia=Plena Noite;sentido_via=Crescente;condicao_metereologica=Chuva;tipo_pista=Dupla;tracado_via=Curva;uso_solo=0;pessoas=2;mortos=0;feridos_leves=2;feridos_graves=0;ilesos=0;ignorados=0;feridos=2;veiculos=1
dia_semana=sábado;br=101.0;km=293.8;municipio=CARIACICA;causa_acidente=Falta de Atenção à Condução;tipo_acidente=Colisão com objeto estático;classificacao_acidente=Com Vítimas Feridas;fase_dia=Plena Noite;sentido_via=Crescente;condicao_metereologica=Nublado;tipo_pista=Dupla;tracado_via=Curva;uso_solo=1;pessoas=3;mortos=0;feridos_leves=3;feridos_graves=0;ilesos=0;ignorados=0;feridos=3;veiculos=1
dia_semana=sábado;br=101.0;km=406.7;municipio=ITAPEMIRIM;causa_acidente=Condutor Dormindo;tipo_acidente=Tombamento;classificacao_acidente=Com Vítimas Feridas;fase_dia=Plena Noite;sentido_via=Crescente;condicao_metereologica=Chuva;tipo_pista=Simples;tracado_via=Curva;uso_solo=0;pessoas=1;mortos=0;feridos_leves=1;feridos_graves=0;ilesos=0;ignorados=0;feridos=1;veiculos=1
dia_semana=sábado;br=101.0;km=228.2;municipio=FUNDAO;causa_acidente=Falta de Atenção à Condução;tipo_acidente=Colisão com objeto estático;classificacao_acidente=Com Vítimas Feridas;fase_dia=Pleno dia;sentido_via=Decrescente;condicao_metereologica=Nublado;tipo_pista=Simples;tracado_via=Curva;uso_solo=0;pessoas=2;mortos=0;feridos_leves=0;feridos_graves=2;ilesos=0;ignorados=0;feridos=2;veiculos=1
dia_semana=sábado;br=101.0;km=70;municipio=SAO MATEUS;causa_acidente=Pista Escorregadia;tipo_acidente=Saída de leito carroçável;classificacao_acidente=Com Vítimas Feridas;fase_dia=Pleno dia;sentido_via=Crescente;condicao_metereologica=Garoa/Chuvisco;tipo_pista=Simples;tracado_via=Reta;uso_solo=0;pessoas=2;mortos=0;feridos_leves=2;feridos_graves=0;ilesos=0;ignorados=0;feridos=2;veiculos=1
dia_semana=sábado;br=262.0;km=6.3;municipio=CARIACICA;causa_acidente=Defeito Mecânico no Veículo;tipo_acidente=Danos eventuais;classificacao_acidente=Sem Vítimas;fase_dia=Pleno dia;sentido_via=Crescente;condicao_metereologica=Nublado;tipo_pista=Múltipla;tracado_via=Interseção de vias;uso_solo=1;pessoas=1;mortos=0;feridos_leves=0;feridos_graves=0;ilesos=1;ignorados=0;feridos=0;veiculos=1
dia_semana=sábado;br=393.0;km=2;municipio=CACHOEIRO DE ITAPEMIRIM;causa_acidente=Desobediência às normas de trânsito pelo condutor;tipo_acidente=Colisão frontal;classificacao_acidente=Com Vítimas Feridas;fase_dia=Pleno dia;sentido_via=Crescente;condicao_metereologica=Nublado;tipo_pista=Simples;tracado_via=Reta;uso_solo=1;pessoas=2;mortos=0;feridos_leves=0;feridos_graves=2;ilesos=0;ignorados=0;feridos=2;veiculos=2
dia_semana=sábado;br=259.0;km=99;municipio=BAIXO GUANDU;causa_acidente=Falta de Atenção à Condução;tipo_acidente=Colisão transversal;classificacao_acidente=Com Vítimas Feridas;fase_dia=Plena Noite;sentido_via=Crescente;condicao_metereologica=Nublado;tipo_pista=Simples;tracado_via=Reta;uso_solo=1;pessoas=3;mortos=0;feridos_leves=1;feridos_graves=1;ilesos=1;ignorados=0;feridos=2;veiculos=2